{"cameraMode":{"drawMode":0,"name":"Shaded","section":"Shading Mode"},"sceneLighting":true,"audioPlay":false,"sceneViewState":{"showFog":true,"showMaterialUpdate":true,"showSkybox":true,"showFlares":true,"showImageEffects":true,"showParticleSystems":true},"in2DMode":false,"pivot":{"x":-62.617706298828128,"y":-102.0304946899414,"z":266.62188720703127},"rotation":{"x":-0.5193357467651367,"y":0.0015094114933162928,"z":-0.006161418743431568,"w":-0.8558869361877441},"size":81.61380004882813,"orthographic":false}