{"cameraMode":{"drawMode":0,"name":"Shaded","section":"Shading Mode"},"sceneLighting":false,"audioPlay":false,"sceneViewState":{"showFog":true,"showMaterialUpdate":true,"showSkybox":false,"showFlares":true,"showImageEffects":true,"showParticleSystems":true},"in2DMode":false,"pivot":{"x":4.419175148010254,"y":1.3549275398254395,"z":-0.21893206238746644},"rotation":{"x":-0.3612796664237976,"y":0.42199572920799258,"z":-0.1878313571214676,"w":-0.810768723487854},"size":2.3006246089935304,"orthographic":false}